<?xml version="1.0" encoding="UTF-8"?>
<beans xmlns="http://www.springframework.org/schema/beans"
	xmlns:xsi="http://www.w3.org/2001/XMLSchema-instance"
	xmlns:p="http://www.springframework.org/schema/p"
	xsi:schemaLocation="http://www.springframework.org/schema/beans http://www.springframework.org/schema/beans/spring-beans-4.2.xsd">
	
    <bean 
    	name="authenticationFilter" 
    	class="org.jasig.cas.client.authentication.AuthenticationFilter"
    	p:casServerLoginUrl="${sso.login.url}"
    	p:renew="false"
	    p:gateway="false"
	    p:service="${sso.casService}" />
	    
	<bean
	    name="ticketValidationFilter"
	    class="org.jasig.cas.client.validation.Cas10TicketValidationFilter"
	    p:service="${sso.casService}">
	    <property name="ticketValidator">
	        <bean class="org.jasig.cas.client.validation.Cas10TicketValidator">
	            <constructor-arg index="0" value="${sso.casServerUrlPrefix}" />
	        </bean>
	    </property>
	</bean>
	
	<bean 
		name="singleSignOutFilter"
		class="org.jasig.cas.client.session.SingleSignOutFilter"
		p:casServerUrlPrefix="${sso.casServerUrlPrefix}"/>
</beans>